[{"model": "sessions.session", "pk": "82pzi3nbr3qtt89z9dphvd09wc71zqo3", "fields": {"session_data": "e30:1mpX4w:Qn0SEFlEsbuPVrLyaAGsear6X5riX8hXeVmKuxmK5dI", "expire_date": "2021-12-07T14:47:26.192Z"}}, {"model": "sessions.session", "pk": "s7vimv2n4clj8shx0pa2669h9xb156ki", "fields": {"session_data": "e30:1mpX2V:q3f23G7v58JfBPNLQcpV0arS9w-_x9VZoK2ZuY_bPKM", "expire_date": "2021-12-07T14:44:55.512Z"}}, {"model": "sessions.session", "pk": "tcdn2onnidre5eek1b77govgu9oqya4v", "fields": {"session_data": "e30:1mpX4G:ddYK_DM8Iolm2-GpjwcuGR5c_ZjgCI2cC-0sl4X39po", "expire_date": "2021-12-07T14:46:44.081Z"}}, {"model": "sessions.session", "pk": "vedf8z22wj41ovz0qujqy3kozgoqwza0", "fields": {"session_data": ".eJxVjDsOwyAQRO9CHSHYRXxSps8ZEIYlOIlAMnZl5e7BkoukmeLNm9mZD9ta_NZp8XNiVwaaXX7hFOKL6tGkZ6iPxmOr6zJP_FD42XZ-b4net9P9Oyihl7GOmC2hkVqhRhyRLUpwgrJOGKVw0ioCoQcgQ5jRYgIpVMhuaAbY5wvazja9:1mxYof:yGPgM1HYepscVV3CUd69qtWwOudM0p5ZHunZ7_DGNtU", "expire_date": "2021-12-29T18:15:49.026Z"}}, {"model": "sessions.session", "pk": "vxz4q7nnln0wjsu2o0sfzo04sec8o06h", "fields": {"session_data": ".eJxVj8GKwjAURf8l65mavNSkdafCCONINyJTN-ElTW1pacFEqYr_bioyjNtzOfe-dyOdHTyZkQn5IOfms8eTr0A5j94G-tv8rPg1yfIVXOf77Gs5pAsRf-f7Or8MyXYTJDUa6uTsUdVFUEC-Q42msd2YuN7U2CrTH230oi46N9Func3H1XevQlcFqTTSyFIIyikr-JRxKmiqIaFSAwAiQKqZFlozNo0plJwmNsY0WCisLEQofe0-q1t0XrX9oe7-Hfb3N7k_AN1jV_o:1myVBw:2VzTVIv_ghKLAQSquy-gggN_QZV2B9XSlJ3GgAMjlgI", "expire_date": "2022-01-01T08:35:44.453Z"}}, {"model": "sessions.session", "pk": "wiujh913li14dlcu4jt27iwgvlyf7ptj", "fields": {"session_data": ".eJxVjMEOwiAQRP-FsyHAtrR49N5vILuwSNVAUtqT8d9tkx70Npn3Zt7C47ZmvzVe_BzFVWhx-e0Iw5PLAeIDy73KUMu6zCQPRZ60yalGft1O9-8gY8v72jjTa0jQhchGqz5oFfaMKYGj0RIAkeHkIjnjlBkQLNqBwtgha4hKfL7jrTgb:1myYcG:6l174T7oFYLLBEx0_sz2vpPb0cBwWTalwaVTU1bEBZg", "expire_date": "2022-01-01T12:15:08.607Z"}}, {"model": "mainapp.productcategory", "pk": 1, "fields": {"name": "Новинки", "description": "asfasfda", "is_active": true}}, {"model": "mainapp.productcategory", "pk": 2, "fields": {"name": "Одежда", "description": "выфлыввфывыф", "is_active": true}}, {"model": "mainapp.productcategory", "pk": 3, "fields": {"name": "Обувь", "description": "вфырвфывфыв", "is_active": true}}, {"model": "mainapp.productcategory", "pk": 4, "fields": {"name": "Аксессуары", "description": "Подарки1", "is_active": true}}, {"model": "mainapp.productcategory", "pk": 5, "fields": {"name": "Подарки", "description": "лфвывджфы", "is_active": true}}, {"model": "mainapp.productcategory", "pk": 7, "fields": {"name": "dasdas", "description": "dasda", "is_active": false}}, {"model": "mainapp.product", "pk": 1, "fields": {"category": 2, "name": "Худи черного цвета с монограммами adidas Originals", "image": "products_images/Adidas-hoodie.png", "description": "Мягкая ткань для свитшотов. Стиль и комфорт – это образ жизни", "price": "6090.00", "quantity": 95, "is_active": true}}, {"model": "mainapp.product", "pk": 2, "fields": {"category": 1, "name": "Синяя куртка The North Face", "image": "products_images/Blue-jacket-The-North-Face.png", "description": "Гладкая ткань. Водонепроницаемое покрытие. Легкий и теплый пуховый наполнитель.", "price": "23725.00", "quantity": 92, "is_active": true}}, {"model": "mainapp.product", "pk": 3, "fields": {"category": 2, "name": "Коричневый спортивный oversized-топ ASOS DESIGN", "image": "products_images/Brown-sports-oversized-top-ASOS-DESIGN.png", "description": "Материал с плюшевой текстурой. Удобный и мягкий.", "price": "3390.00", "quantity": 96, "is_active": true}}, {"model": "mainapp.product", "pk": 4, "fields": {"category": 4, "name": "Черный рюкзак Nike Heritage", "image": "products_images/Black-Nike-Heritage-backpack.png", "description": "Плотная ткань. Легкий материал.", "price": "2340.00", "quantity": 100, "is_active": true}}, {"model": "mainapp.product", "pk": 5, "fields": {"category": 3, "name": "Черные туфли на платформе с 3 парами люверсов Dr Martens 1461 Bex", "image": "products_images/Black-Dr-Martens-shoes.png", "description": "Гладкий кожаный верх. Натуральный материал.", "price": "7644.38", "quantity": 100, "is_active": true}}, {"model": "mainapp.product", "pk": 6, "fields": {"category": 2, "name": "Темно-синие широкие строгие брюки ASOS DESIGN", "image": "products_images/Dark-blue-wide-leg-ASOs-DESIGN-trousers.png", "description": "Легкая эластичная ткань сирсакер Фактурная ткань.", "price": "2890.00", "quantity": 96, "is_active": true}}, {"model": "authapp.user", "pk": 1, "fields": {"password": "pbkdf2_sha256$260000$qXa6lRjwqIq49Q97kY2p4Z$1hDvqSuNTR9437qD7GtWDmTsmQ5PtWBxN4cavMC3xqU=", "last_login": "2022-01-15T13:03:39.725Z", "is_superuser": true, "username": "dima", "first_name": "dimas", "last_name": "asd", "email": "", "is_staff": true, "is_active": true, "date_joined": "2021-11-23T14:43:28.189Z", "image": "user_image/Adidas-hoodie.png", "age": 18, "activation_key": "", "activation_key_expires": "2021-12-16T11:09:25.799Z", "groups": [], "user_permissions": []}}, {"model": "authapp.user", "pk": 3, "fields": {"password": "pbkdf2_sha256$260000$NNuqR3RQnfZElLqesGyNFS$P+uOkRJDf56nXc70fEhSYT7/XN+0ygUakC+8eJpHvzI=", "last_login": "2021-11-25T15:32:53.012Z", "is_superuser": false, "username": "dimas", "first_name": "dimas", "last_name": "dimas", "email": "bojihdaj@gmail.com", "is_staff": false, "is_active": true, "date_joined": "2021-11-24T12:46:52.084Z", "image": "user_image/Adidas-hoodie_7sAKBot.png", "age": 33, "activation_key": "", "activation_key_expires": "2021-12-16T11:09:25.799Z", "groups": [], "user_permissions": []}}, {"model": "authapp.user", "pk": 4, "fields": {"password": "pbkdf2_sha256$260000$JglWPgy44vqa7r6OP3U8qY$k/QzROvVlMhhxxsdnZs/jWJunnW4fL9bJmVu7P4n0JU=", "last_login": null, "is_superuser": false, "username": "dimass", "first_name": "dimass", "last_name": "dimass", "email": "bojasddasj@gmail.com", "is_staff": false, "is_active": false, "date_joined": "2021-11-24T12:58:07.219Z", "image": "", "age": 18, "activation_key": "", "activation_key_expires": "2021-12-16T11:09:25.799Z", "groups": [], "user_permissions": []}}, {"model": "authapp.user", "pk": 7, "fields": {"password": "pbkdf2_sha256$260000$hLFxmUWMQ8LugQnEkL1wSb$n7emVIK6qzKArlQLlfXTLug1+WmNKusjVU0RfSfP1/g=", "last_login": null, "is_superuser": false, "username": "Sdasffassafaf", "first_name": "dimasssss", "last_name": "dimassssss", "email": "sdasdasd@gmail.com", "is_staff": false, "is_active": false, "date_joined": "2021-12-08T14:58:27.960Z", "image": "", "age": 28, "activation_key": "", "activation_key_expires": "2021-12-16T11:09:25.799Z", "groups": [], "user_permissions": []}}, {"model": "authapp.user", "pk": 8, "fields": {"password": "pbkdf2_sha256$260000$vJesJby1SasZINJYD0KRMp$z1XPcoPWiMOT/ycEQNoZ3/5vI7Tbsu21k9W/XkRTfUA=", "last_login": null, "is_superuser": false, "username": "Salam", "first_name": "dawdsawdasdasd", "last_name": "asdasfasf", "email": "salam@gmail.com", "is_staff": false, "is_active": false, "date_joined": "2021-12-08T15:56:08.664Z", "image": "", "age": 18, "activation_key": "", "activation_key_expires": "2021-12-16T11:09:25.799Z", "groups": [], "user_permissions": []}}, {"model": "authapp.user", "pk": 9, "fields": {"password": "pbkdf2_sha256$260000$psRp7dZ9r4yWY7HlPO6BeP$TvX+arD2dyBDqRrns57+mBOTfB6TBJeANliC9kDBIRw=", "last_login": null, "is_superuser": false, "username": "Qdqsqdqsda", "first_name": "dawdsawdasdas", "last_name": "dasdafqwf", "email": "qdqsqdqsda@gmail.com", "is_staff": false, "is_active": false, "date_joined": "2021-12-14T11:28:26.518Z", "image": "", "age": 18, "activation_key": "ddee6e3b8f6e6142fb609dc5b23eeed51d4d7aab", "activation_key_expires": "2021-12-16T11:27:01.440Z", "groups": [], "user_permissions": []}}, {"model": "authapp.user", "pk": 10, "fields": {"password": "pbkdf2_sha256$260000$QwQrAkimRj4yC6VT7DFWYX$unEGr48YMNJ0dGv5yrcRDDnTnLFZ/WGF8WOz0OujCn8=", "last_login": null, "is_superuser": false, "username": "Qdqsqdqsdaasd", "first_name": "dawdsawdasdas", "last_name": "dasdafqwf", "email": "qdqsqdqsda@gmail.com", "is_staff": false, "is_active": false, "date_joined": "2021-12-14T11:29:48.114Z", "image": "", "age": 18, "activation_key": "292f53608e3058e904ac5317f3b8d06127835bcf", "activation_key_expires": "2021-12-16T11:29:03.355Z", "groups": [], "user_permissions": []}}, {"model": "authapp.user", "pk": 11, "fields": {"password": "pbkdf2_sha256$260000$mXYBYMZgKGNptKqRDs67EQ$zml+WN6O4xrvwgllk17s6RMeQlwCyvC9irCOlAk2Gvg=", "last_login": null, "is_superuser": false, "username": "Qdqsqdqsdaasdas", "first_name": "dawdsawdasdas", "last_name": "dasdafqwf", "email": "qdqsqdqsda@gmail.com", "is_staff": false, "is_active": false, "date_joined": "2021-12-14T11:32:17.642Z", "image": "", "age": 18, "activation_key": "aebee33fedac29965a51104df14d9b1c54758160", "activation_key_expires": "2021-12-16T11:31:59.305Z", "groups": [], "user_permissions": []}}, {"model": "authapp.user", "pk": 12, "fields": {"password": "pbkdf2_sha256$260000$2vx6uebhe6KL9x5VR5obiL$8GkTeB23ulpZP4R/qyFfE36DoSvMu7AmpuLgi0DQEXM=", "last_login": null, "is_superuser": false, "username": "Qfsaf", "first_name": "dawdsawdasdas", "last_name": "dasdafqwf", "email": "qdqsqdqsda@gmail.com", "is_staff": false, "is_active": false, "date_joined": "2021-12-14T11:35:29.031Z", "image": "", "age": 18, "activation_key": "62567d850f90467bcfaf62978a3632c6b4330988", "activation_key_expires": "2021-12-16T11:35:12.108Z", "groups": [], "user_permissions": []}}, {"model": "authapp.user", "pk": 13, "fields": {"password": "pbkdf2_sha256$260000$fFuqYg5lBnV69eHjb5nii6$N0o1bOzRhw442/KSihOsBFTDEEcf++Rc8n7r+uNWcko=", "last_login": null, "is_superuser": false, "username": "Qdqsqdqsdaqdsd", "first_name": "dawdsawdasdas", "last_name": "dasdafqwf", "email": "qdqsqdqsda@gmail.com", "is_staff": false, "is_active": false, "date_joined": "2021-12-14T11:38:21.581Z", "image": "", "age": 18, "activation_key": "99177b32878e66c1b581c155b0ceb8b9daf33144", "activation_key_expires": "2021-12-16T11:37:59.898Z", "groups": [], "user_permissions": []}}, {"model": "authapp.user", "pk": 14, "fields": {"password": "pbkdf2_sha256$260000$DyuKImHYCSTDDQdO64TeuM$CqUwGXNOeq2g/i2uanGx2PITANd6ZzFj+zIhceBTDDc=", "last_login": null, "is_superuser": false, "username": "Dimasss75", "first_name": "dimas", "last_name": "Sokolova", "email": "Dimaasdasd@yandex.ru", "is_staff": false, "is_active": false, "date_joined": "2021-12-14T11:45:19.103Z", "image": "", "age": 18, "activation_key": "af15898cc77fc1ab256bb39aab7c79aa360f0b54", "activation_key_expires": "2021-12-16T11:37:59.898Z", "groups": [], "user_permissions": []}}, {"model": "authapp.user", "pk": 15, "fields": {"password": "pbkdf2_sha256$260000$WGfWkjgJ07N0RojuroRJnk$GfVoLvRx+jill+1DQUKZA3y0hFSlk5NpfV0+eXjDIG0=", "last_login": null, "is_superuser": false, "username": "Dimasss7575", "first_name": "dimas", "last_name": "Sokolova", "email": "Dimaasdasd@yandex.ru", "is_staff": false, "is_active": false, "date_joined": "2021-12-14T11:48:32.002Z", "image": "", "age": 18, "activation_key": "529c0d4f09b1a80a776455d404a100d0c9ccd37a", "activation_key_expires": "2021-12-16T11:48:21.113Z", "groups": [], "user_permissions": []}}, {"model": "authapp.user", "pk": 16, "fields": {"password": "pbkdf2_sha256$260000$Fy7NDOgUyACpLRJx5NsDFZ$ttPiRvD36b/MFuZ6+7iIJ/Bo27smOrONmwkVTbBsF6Q=", "last_login": null, "is_superuser": false, "username": "Dimasss757575", "first_name": "dimas", "last_name": "Sokolova", "email": "Dimaasdasd@yandex.ru", "is_staff": false, "is_active": false, "date_joined": "2021-12-14T11:52:26.366Z", "image": "", "age": 18, "activation_key": "bc207083d87c8b6f83e655e6c7361c0ecf85dfcf", "activation_key_expires": "2021-12-16T11:52:08.746Z", "groups": [], "user_permissions": []}}, {"model": "authapp.user", "pk": 17, "fields": {"password": "pbkdf2_sha256$260000$an7911xTblXImbrytxwI83$uOxkZHBwvtUQ5cl8WcuDd6aIkIwdlcb80wVZsZnndJE=", "last_login": null, "is_superuser": false, "username": "Dimasss75757575", "first_name": "dimas", "last_name": "Sokolova", "email": "Dimaasdasd@yandex.ru", "is_staff": false, "is_active": false, "date_joined": "2021-12-14T11:53:11.097Z", "image": "", "age": 18, "activation_key": "e7fe70fa6364bf691acadef798d12a4a05b36b55", "activation_key_expires": "2021-12-16T11:52:50.207Z", "groups": [], "user_permissions": []}}, {"model": "authapp.user", "pk": 18, "fields": {"password": "pbkdf2_sha256$260000$HVyP4f3nuGpZ4mS3CrJGOK$AIXubKNC9T32Dfoj4y6DKPuW9IA6W65+oNrhfXfU4+M=", "last_login": null, "is_superuser": false, "username": "Dimasss123", "first_name": "dimas", "last_name": "Sokolova", "email": "Dimaasdasd@yandex.ru", "is_staff": false, "is_active": false, "date_joined": "2021-12-14T11:55:49.719Z", "image": "", "age": 18, "activation_key": "ae2624ba4661e936e2a6f188a03f34feeb0b6696", "activation_key_expires": "2021-12-16T11:55:24.231Z", "groups": [], "user_permissions": []}}, {"model": "authapp.user", "pk": 19, "fields": {"password": "pbkdf2_sha256$260000$l9EGUGCzQpVRsZ0NZyzMOa$aDQ0mlclTb/D2PSAAVMnYax72Sy5sIENEruqzu6qk1M=", "last_login": null, "is_superuser": false, "username": "Dimasss", "first_name": "Dimasss", "last_name": "Dimasss", "email": "Dimasss@gmail.com", "is_staff": false, "is_active": false, "date_joined": "2021-12-14T12:03:23.969Z", "image": "", "age": 18, "activation_key": "983fff4d7d09317f051a1907d4b963d7db7bbb0e", "activation_key_expires": "2021-12-16T12:00:14.380Z", "groups": [], "user_permissions": []}}, {"model": "authapp.user", "pk": 20, "fields": {"password": "pbkdf2_sha256$260000$ustYHZ67B1K9MlUVKeHF99$erTV+SMHF0xrptV5a/DeG6aBst9nMoIQvy4DKDARv5I=", "last_login": null, "is_superuser": false, "username": "Dimasdas", "first_name": "Dimasss", "last_name": "Dimasss", "email": "Dimasss@gmail.com", "is_staff": false, "is_active": false, "date_joined": "2021-12-14T12:07:16.737Z", "image": "", "age": 18, "activation_key": "6896ab97e0f772ea0dbbe76b9ec8beb5dd5fda59", "activation_key_expires": "2021-12-16T12:06:41.585Z", "groups": [], "user_permissions": []}}, {"model": "authapp.user", "pk": 21, "fields": {"password": "pbkdf2_sha256$260000$JXd4ESpmeED9aPXszQG49J$+6TQLS2V94tM6cb67OGhp718+UlnnJA2TGyajkX0vPo=", "last_login": null, "is_superuser": false, "username": "Dimasss1231231", "first_name": "Dimasss", "last_name": "Dimasss", "email": "Dimasss@gmail.com", "is_staff": false, "is_active": false, "date_joined": "2021-12-14T12:10:18.460Z", "image": "", "age": 18, "activation_key": "288cd6829a24f6b9b50fa6ba38a95266f0c455a0", "activation_key_expires": "2021-12-16T12:06:41.585Z", "groups": [], "user_permissions": []}}, {"model": "authapp.user", "pk": 22, "fields": {"password": "pbkdf2_sha256$260000$Jp68p3st1i1grf9Z8jfHUJ$Sridj2HnJ4ymB9ZMFJhMkMG8Q41YQYuWg9m0sXDnnZY=", "last_login": "2021-12-14T12:32:40.961Z", "is_superuser": false, "username": "Affasfasijfi", "first_name": "dasDAsddsa", "last_name": "dasdafwf", "email": "decard@gmail.com", "is_staff": false, "is_active": true, "date_joined": "2021-12-14T12:16:04.474Z", "image": "", "age": 18, "activation_key": "46c14bb894db556faaa38eed5a135dc143164c7b", "activation_key_expires": "2021-12-16T12:15:09.080Z", "groups": [], "user_permissions": []}}, {"model": "authapp.user", "pk": 23, "fields": {"password": "pbkdf2_sha256$260000$3wi3F9olj9MQzkL5bDi18Z$wfrny8Nqp9OgdOjTNnWUJEK623Y0G/Jc5Q8BZNcEuyY=", "last_login": null, "is_superuser": false, "username": "Alexander", "first_name": "dimassad", "last_name": "asdasfas", "email": "bojihdasdasdaj@gmail.com", "is_staff": false, "is_active": false, "date_joined": "2021-12-14T12:49:24.978Z", "image": "", "age": 18, "activation_key": "afd82bb3d2653a834bbaf56084eae1a9d909678c", "activation_key_expires": "2021-12-16T12:49:04.080Z", "groups": [], "user_permissions": []}}, {"model": "authapp.user", "pk": 24, "fields": {"password": "pbkdf2_sha256$260000$OnzBS9FT1zzYb4TqiH4FGk$tD8BWBrUNqm2pS3hJiPZ72o74GgM3dzOc3MWWghQsWo=", "last_login": null, "is_superuser": false, "username": "Alexanderdsad", "first_name": "dimassad", "last_name": "asdasfas", "email": "bojihdasdasdaj@gmail.com", "is_staff": false, "is_active": false, "date_joined": "2021-12-14T12:53:09.044Z", "image": "", "age": 18, "activation_key": "774f6ba5ffe2959882e7122ea894570562db7eae", "activation_key_expires": "2021-12-16T12:49:04.080Z", "groups": [], "user_permissions": []}}, {"model": "authapp.user", "pk": 25, "fields": {"password": "pbkdf2_sha256$260000$WQv9jcP4v2lNpRrCnCxl8y$3P/ZUphqF2YmEkxbNKV0xvFVh7aOKHJPZ2dWS3k8src=", "last_login": null, "is_superuser": false, "username": "Dsaijfoashfuiah", "first_name": "dimassasdsafas", "last_name": "fasfa", "email": "adsfasf@gmail.com", "is_staff": false, "is_active": false, "date_joined": "2021-12-15T17:50:39.843Z", "image": "", "age": 18, "activation_key": "6bcca9774dc9b44e2fe383d9061f1daa1302fa8c", "activation_key_expires": "2021-12-17T17:49:32.957Z", "groups": [], "user_permissions": []}}, {"model": "authapp.user", "pk": 26, "fields": {"password": "pbkdf2_sha256$260000$6h2JB8p9og0fFnhss1HojL$B5EuaMLthq5ECSzX9yvjDEBR76+DXnRlE48PiqVJ/0o=", "last_login": "2021-12-15T18:15:48.861Z", "is_superuser": false, "username": "Ddasdas", "first_name": "dimass", "last_name": "adsff", "email": "kdasjbdk@gmail.com", "is_staff": false, "is_active": true, "date_joined": "2021-12-15T17:54:33.764Z", "image": "", "age": 18, "activation_key": "", "activation_key_expires": null, "groups": [], "user_permissions": []}}, {"model": "authapp.user", "pk": 27, "fields": {"password": "!uljHFq2X9wJACDhv5PVFOay3AVvorNQ5eVNPRime", "last_login": "2021-12-18T08:58:35.662Z", "is_superuser": false, "username": "id284414300", "first_name": "Дмитрий", "last_name": "Бочаров", "email": "rubtherobs@gmail.com", "is_staff": false, "is_active": true, "date_joined": "2021-12-18T08:34:15.069Z", "image": "https://sun1-83.userapi.com/s/v1/if1/uCTYAE4sIY1cHKafVxwguvMcgIID3-2Akpypx8BeWqr95rcZHhjGY9PkzBFmjDaPc7ZkWoIj.jpg?size=200x200&quality=96&crop=0,0,423,423&ava=1", "age": 18, "activation_key": "", "activation_key_expires": "2021-12-20T08:34:06.598Z", "groups": [], "user_permissions": []}}, {"model": "authapp.user", "pk": 28, "fields": {"password": "pbkdf2_sha256$260000$h2CIvqFfcojfXD1wpSCUIM$5jtFXNPLhAVvQTNon9Cpbn2xx6TGE/3y55X7SPSm16I=", "last_login": null, "is_superuser": false, "username": "Dasdasfad", "first_name": "dsadasfas", "last_name": "fasfdafqwwfasf", "email": "rubtherobs@gmail.com", "is_staff": false, "is_active": false, "date_joined": "2022-01-22T09:46:00.800Z", "image": "", "age": 18, "activation_key": "fa001fa48abfc3820326bfa3404f38f1ed7e4adb", "activation_key_expires": "2022-01-24T09:42:38.653Z", "groups": [], "user_permissions": []}}, {"model": "authapp.user", "pk": 29, "fields": {"password": "pbkdf2_sha256$260000$fTic0R8RJjmbvnyhuKHjcK$w0ViZTGIglB7bCW08rAC+X3tmy0En5ggYR4fJPLFuqA=", "last_login": null, "is_superuser": false, "username": "Dasdasfad12", "first_name": "dsadasfas", "last_name": "fasfdafqwwfasf", "email": "rubtherobs@gmail.com", "is_staff": false, "is_active": false, "date_joined": "2022-01-22T09:47:00.608Z", "image": "", "age": 18, "activation_key": "624fe3c5f796dfb2d7214820efab540b0edfc76a", "activation_key_expires": "2022-01-24T09:46:39.379Z", "groups": [], "user_permissions": []}}, {"model": "authapp.user", "pk": 30, "fields": {"password": "pbkdf2_sha256$260000$qzdDU2Cy36VIOSu3nCIXPv$A6jWYCRF4IJDs0kB3W3DI70RQHw5ANFTaGZOsms4HsU=", "last_login": null, "is_superuser": false, "username": "Dasdashjkf123", "first_name": "sadasfas", "last_name": "fdafasf", "email": "rubtherobs@gmail.com", "is_staff": false, "is_active": false, "date_joined": "2022-01-22T09:48:35.941Z", "image": "", "age": 18, "activation_key": "da75fefecc51f15831db2f1441880d01c0fe1f5e", "activation_key_expires": "2022-01-24T09:46:39.379Z", "groups": [], "user_permissions": []}}, {"model": "authapp.user", "pk": 31, "fields": {"password": "pbkdf2_sha256$260000$KfWzmreiaMtaS35J4HBZyL$YmK3Ji5y/IbaN+sBIkejUY2Z7O9XyP8k3hcBWxqZk3s=", "last_login": null, "is_superuser": false, "username": "Dasdashjkf12312", "first_name": "sadasfas", "last_name": "fdafasf", "email": "rubdsadass@gmail.com", "is_staff": false, "is_active": false, "date_joined": "2022-01-22T09:50:10.213Z", "image": "", "age": 18, "activation_key": "548724196fd851602b74765c11b94ad98576b7b3", "activation_key_expires": "2022-01-24T09:46:39.379Z", "groups": [], "user_permissions": []}}, {"model": "authapp.user", "pk": 32, "fields": {"password": "pbkdf2_sha256$260000$jMTTatZE7BECl9i5H06w9p$TJVnHmTo9JbND3evIApDTU3m6EYIPcMussq8tS4heUI=", "last_login": null, "is_superuser": false, "username": "Salam241341", "first_name": "dsafs", "last_name": "qsfqsfadas", "email": "rubtherobs@gmail.com", "is_staff": false, "is_active": false, "date_joined": "2022-01-22T09:53:43.878Z", "image": "", "age": 18, "activation_key": "ce94eb99124c04e1a3b4a34dda8a41cb9499d4ad", "activation_key_expires": "2022-01-24T09:53:26.647Z", "groups": [], "user_permissions": []}}, {"model": "authapp.user", "pk": 33, "fields": {"password": "pbkdf2_sha256$260000$46daO5Ien0H05kloGrC2dg$foOiNxKL+XJ32PfpTO4TnV/AGDefTAJ0YvOWwLT9Vww=", "last_login": null, "is_superuser": false, "username": "Salam2413411231", "first_name": "dsafs", "last_name": "qsfqsfadas", "email": "rubtherobs@gmail.com", "is_staff": false, "is_active": false, "date_joined": "2022-01-22T09:54:12.681Z", "image": "", "age": 18, "activation_key": "b56cec901db58cec23188384bb5e1b3c383e593a", "activation_key_expires": "2022-01-24T09:53:26.647Z", "groups": [], "user_permissions": []}}, {"model": "authapp.user", "pk": 34, "fields": {"password": "pbkdf2_sha256$260000$jNF6UFeNJo7ZBoBmDMo2oT$tnAPOfWhAUPvY7qeJDrUSdWyjLu8VaFDls2M34RMxcs=", "last_login": null, "is_superuser": false, "username": "Rubtherob123", "first_name": "asfas", "last_name": "adfa", "email": "rubtherobs@gmail.com", "is_staff": false, "is_active": false, "date_joined": "2022-01-22T09:55:32.910Z", "image": "", "age": 18, "activation_key": "6e815b73628542e3bceb027cc42df4928d50640f", "activation_key_expires": "2022-01-24T09:55:13.443Z", "groups": [], "user_permissions": []}}, {"model": "authapp.userprofile", "pk": 1, "fields": {"user": 1, "aboutMe": "", "gender": "M"}}, {"model": "authapp.userprofile", "pk": 2, "fields": {"user": 3, "aboutMe": "", "gender": ""}}, {"model": "authapp.userprofile", "pk": 3, "fields": {"user": 4, "aboutMe": "", "gender": ""}}, {"model": "authapp.userprofile", "pk": 4, "fields": {"user": 7, "aboutMe": "", "gender": ""}}, {"model": "authapp.userprofile", "pk": 5, "fields": {"user": 8, "aboutMe": "", "gender": ""}}, {"model": "authapp.userprofile", "pk": 6, "fields": {"user": 9, "aboutMe": "", "gender": ""}}, {"model": "authapp.userprofile", "pk": 7, "fields": {"user": 10, "aboutMe": "", "gender": ""}}, {"model": "authapp.userprofile", "pk": 8, "fields": {"user": 11, "aboutMe": "", "gender": ""}}, {"model": "authapp.userprofile", "pk": 9, "fields": {"user": 12, "aboutMe": "", "gender": ""}}, {"model": "authapp.userprofile", "pk": 10, "fields": {"user": 13, "aboutMe": "", "gender": ""}}, {"model": "authapp.userprofile", "pk": 11, "fields": {"user": 14, "aboutMe": "", "gender": ""}}, {"model": "authapp.userprofile", "pk": 12, "fields": {"user": 15, "aboutMe": "", "gender": ""}}, {"model": "authapp.userprofile", "pk": 13, "fields": {"user": 16, "aboutMe": "", "gender": ""}}, {"model": "authapp.userprofile", "pk": 14, "fields": {"user": 17, "aboutMe": "", "gender": ""}}, {"model": "authapp.userprofile", "pk": 15, "fields": {"user": 18, "aboutMe": "", "gender": ""}}, {"model": "authapp.userprofile", "pk": 16, "fields": {"user": 19, "aboutMe": "", "gender": ""}}, {"model": "authapp.userprofile", "pk": 17, "fields": {"user": 20, "aboutMe": "", "gender": ""}}, {"model": "authapp.userprofile", "pk": 18, "fields": {"user": 21, "aboutMe": "", "gender": ""}}, {"model": "authapp.userprofile", "pk": 19, "fields": {"user": 22, "aboutMe": "", "gender": ""}}, {"model": "authapp.userprofile", "pk": 20, "fields": {"user": 23, "aboutMe": "", "gender": ""}}, {"model": "authapp.userprofile", "pk": 21, "fields": {"user": 24, "aboutMe": "", "gender": ""}}, {"model": "authapp.userprofile", "pk": 22, "fields": {"user": 25, "aboutMe": "", "gender": ""}}, {"model": "authapp.userprofile", "pk": 23, "fields": {"user": 26, "aboutMe": "", "gender": ""}}, {"model": "authapp.userprofile", "pk": 24, "fields": {"user": 27, "aboutMe": "", "gender": "M"}}, {"model": "authapp.userprofile", "pk": 25, "fields": {"user": 28, "aboutMe": "", "gender": ""}}, {"model": "authapp.userprofile", "pk": 26, "fields": {"user": 29, "aboutMe": "", "gender": ""}}, {"model": "authapp.userprofile", "pk": 27, "fields": {"user": 30, "aboutMe": "", "gender": ""}}, {"model": "authapp.userprofile", "pk": 28, "fields": {"user": 31, "aboutMe": "", "gender": ""}}, {"model": "authapp.userprofile", "pk": 29, "fields": {"user": 32, "aboutMe": "", "gender": ""}}, {"model": "authapp.userprofile", "pk": 30, "fields": {"user": 33, "aboutMe": "", "gender": ""}}, {"model": "authapp.userprofile", "pk": 31, "fields": {"user": 34, "aboutMe": "", "gender": ""}}, {"model": "social_django.usersocialauth", "pk": 1, "fields": {"user": 27, "provider": "vk-oauth2", "uid": "284414300", "extra_data": "{\"auth_time\": 1639817915, \"id\": 284414300, \"expires\": 86400, \"access_token\": \"741f00816c6d154095e3b1dd4f130d7aaa8f228463bedcc0a403ac8d011dc960d55190c87ffab1cbe6e98\", \"token_type\": null}", "created": "2021-12-18T08:35:43.133Z", "modified": "2021-12-18T08:58:35.172Z"}}, {"model": "ordersapp.order", "pk": 1, "fields": {"user": 1, "created": "2021-12-21T14:12:41.363Z", "updated": "2021-12-21T14:12:45.783Z", "status": "FM", "is_active": false}}, {"model": "ordersapp.order", "pk": 2, "fields": {"user": 1, "created": "2021-12-21T14:13:50.486Z", "updated": "2021-12-21T14:14:04.480Z", "status": "FM", "is_active": false}}, {"model": "ordersapp.order", "pk": 3, "fields": {"user": 1, "created": "2021-12-21T14:33:27.717Z", "updated": "2021-12-21T14:33:43.518Z", "status": "FM", "is_active": false}}, {"model": "ordersapp.order", "pk": 4, "fields": {"user": 1, "created": "2021-12-21T14:35:35.208Z", "updated": "2021-12-21T14:35:37.482Z", "status": "FM", "is_active": false}}, {"model": "ordersapp.order", "pk": 5, "fields": {"user": 1, "created": "2021-12-21T14:35:42.688Z", "updated": "2021-12-21T14:35:42.872Z", "status": "FM", "is_active": false}}, {"model": "ordersapp.order", "pk": 6, "fields": {"user": 1, "created": "2021-12-21T14:35:46.965Z", "updated": "2021-12-22T20:05:07.023Z", "status": "PRD", "is_active": false}}, {"model": "ordersapp.order", "pk": 7, "fields": {"user": 1, "created": "2021-12-22T19:00:27.144Z", "updated": "2021-12-22T19:00:46.124Z", "status": "FM", "is_active": false}}, {"model": "ordersapp.order", "pk": 8, "fields": {"user": 1, "created": "2021-12-22T20:05:54.074Z", "updated": "2021-12-22T20:06:09.263Z", "status": "PD", "is_active": false}}, {"model": "ordersapp.order", "pk": 9, "fields": {"user": 1, "created": "2021-12-22T20:05:56.290Z", "updated": "2021-12-22T20:09:53.022Z", "status": "RDY", "is_active": false}}, {"model": "ordersapp.order", "pk": 10, "fields": {"user": 1, "created": "2021-12-22T20:05:58.016Z", "updated": "2021-12-23T10:44:32.456Z", "status": "PRD", "is_active": false}}, {"model": "ordersapp.order", "pk": 11, "fields": {"user": 1, "created": "2021-12-23T10:47:11.791Z", "updated": "2021-12-23T10:52:40.086Z", "status": "RDY", "is_active": false}}, {"model": "ordersapp.order", "pk": 12, "fields": {"user": 1, "created": "2021-12-23T10:47:13.674Z", "updated": "2021-12-23T10:52:25.871Z", "status": "PRD", "is_active": false}}, {"model": "ordersapp.order", "pk": 13, "fields": {"user": 1, "created": "2021-12-23T10:47:15.076Z", "updated": "2021-12-23T10:52:58.255Z", "status": "STP", "is_active": false}}, {"model": "ordersapp.order", "pk": 14, "fields": {"user": 1, "created": "2021-12-23T10:54:21.964Z", "updated": "2021-12-23T11:09:19.412Z", "status": "RDY", "is_active": true}}, {"model": "ordersapp.order", "pk": 15, "fields": {"user": 1, "created": "2021-12-25T08:39:50.945Z", "updated": "2021-12-25T08:48:21.048Z", "status": "FM", "is_active": false}}, {"model": "ordersapp.order", "pk": 16, "fields": {"user": 1, "created": "2021-12-25T08:40:25.447Z", "updated": "2021-12-25T08:48:41.971Z", "status": "FM", "is_active": false}}, {"model": "ordersapp.order", "pk": 17, "fields": {"user": 1, "created": "2021-12-25T08:50:14.384Z", "updated": "2021-12-25T08:59:00.538Z", "status": "FM", "is_active": false}}, {"model": "ordersapp.order", "pk": 18, "fields": {"user": 1, "created": "2021-12-25T08:59:18.061Z", "updated": "2021-12-25T09:06:46.968Z", "status": "FM", "is_active": false}}, {"model": "ordersapp.order", "pk": 19, "fields": {"user": 1, "created": "2021-12-25T09:07:53.332Z", "updated": "2021-12-25T09:08:15.295Z", "status": "FM", "is_active": false}}, {"model": "ordersapp.order", "pk": 20, "fields": {"user": 1, "created": "2021-12-25T09:08:50.435Z", "updated": "2022-01-22T09:10:20.360Z", "status": "CNC", "is_active": false}}, {"model": "ordersapp.order", "pk": 21, "fields": {"user": 1, "created": "2022-01-22T09:16:24.068Z", "updated": "2022-01-22T09:16:34.939Z", "status": "FM", "is_active": false}}, {"model": "ordersapp.orderitem", "pk": 1, "fields": {"order": 1, "product": 5, "quantity": 1}}, {"model": "ordersapp.orderitem", "pk": 2, "fields": {"order": 2, "product": 5, "quantity": 3}}, {"model": "ordersapp.orderitem", "pk": 3, "fields": {"order": 2, "product": 2, "quantity": 6}}, {"model": "ordersapp.orderitem", "pk": 4, "fields": {"order": 2, "product": 3, "quantity": 1}}, {"model": "ordersapp.orderitem", "pk": 5, "fields": {"order": 3, "product": 5, "quantity": 0}}, {"model": "ordersapp.orderitem", "pk": 6, "fields": {"order": 3, "product": 2, "quantity": 1}}, {"model": "ordersapp.orderitem", "pk": 7, "fields": {"order": 3, "product": 3, "quantity": 1}}, {"model": "ordersapp.orderitem", "pk": 8, "fields": {"order": 4, "product": 5, "quantity": 0}}, {"model": "ordersapp.orderitem", "pk": 9, "fields": {"order": 4, "product": 2, "quantity": 0}}, {"model": "ordersapp.orderitem", "pk": 10, "fields": {"order": 4, "product": 3, "quantity": 0}}, {"model": "ordersapp.orderitem", "pk": 11, "fields": {"order": 5, "product": 5, "quantity": 0}}, {"model": "ordersapp.orderitem", "pk": 12, "fields": {"order": 5, "product": 2, "quantity": 0}}, {"model": "ordersapp.orderitem", "pk": 13, "fields": {"order": 5, "product": 3, "quantity": 0}}, {"model": "ordersapp.orderitem", "pk": 14, "fields": {"order": 6, "product": 5, "quantity": 1}}, {"model": "ordersapp.orderitem", "pk": 15, "fields": {"order": 6, "product": 2, "quantity": 2}}, {"model": "ordersapp.orderitem", "pk": 16, "fields": {"order": 6, "product": 3, "quantity": 1}}, {"model": "ordersapp.orderitem", "pk": 17, "fields": {"order": 7, "product": 5, "quantity": 1}}, {"model": "ordersapp.orderitem", "pk": 18, "fields": {"order": 7, "product": 2, "quantity": 1}}, {"model": "ordersapp.orderitem", "pk": 19, "fields": {"order": 7, "product": 3, "quantity": 1}}, {"model": "ordersapp.orderitem", "pk": 20, "fields": {"order": 8, "product": 5, "quantity": 1}}, {"model": "ordersapp.orderitem", "pk": 21, "fields": {"order": 8, "product": 2, "quantity": 1}}, {"model": "ordersapp.orderitem", "pk": 22, "fields": {"order": 8, "product": 3, "quantity": 1}}, {"model": "ordersapp.orderitem", "pk": 23, "fields": {"order": 9, "product": 5, "quantity": 1}}, {"model": "ordersapp.orderitem", "pk": 24, "fields": {"order": 9, "product": 2, "quantity": 1}}, {"model": "ordersapp.orderitem", "pk": 25, "fields": {"order": 9, "product": 3, "quantity": 1}}, {"model": "ordersapp.orderitem", "pk": 26, "fields": {"order": 10, "product": 5, "quantity": 1}}, {"model": "ordersapp.orderitem", "pk": 27, "fields": {"order": 10, "product": 2, "quantity": 1}}, {"model": "ordersapp.orderitem", "pk": 28, "fields": {"order": 10, "product": 3, "quantity": 1}}, {"model": "ordersapp.orderitem", "pk": 29, "fields": {"order": 11, "product": 5, "quantity": 1}}, {"model": "ordersapp.orderitem", "pk": 30, "fields": {"order": 11, "product": 2, "quantity": 1}}, {"model": "ordersapp.orderitem", "pk": 31, "fields": {"order": 11, "product": 3, "quantity": 1}}, {"model": "ordersapp.orderitem", "pk": 32, "fields": {"order": 12, "product": 5, "quantity": 1}}, {"model": "ordersapp.orderitem", "pk": 33, "fields": {"order": 12, "product": 2, "quantity": 1}}, {"model": "ordersapp.orderitem", "pk": 34, "fields": {"order": 12, "product": 3, "quantity": 1}}, {"model": "ordersapp.orderitem", "pk": 35, "fields": {"order": 13, "product": 5, "quantity": 1}}, {"model": "ordersapp.orderitem", "pk": 36, "fields": {"order": 13, "product": 2, "quantity": 1}}, {"model": "ordersapp.orderitem", "pk": 37, "fields": {"order": 13, "product": 3, "quantity": 1}}, {"model": "ordersapp.orderitem", "pk": 38, "fields": {"order": 14, "product": 5, "quantity": 1}}, {"model": "ordersapp.orderitem", "pk": 39, "fields": {"order": 14, "product": 2, "quantity": 1}}, {"model": "ordersapp.orderitem", "pk": 40, "fields": {"order": 14, "product": 3, "quantity": 1}}, {"model": "ordersapp.orderitem", "pk": 48, "fields": {"order": 18, "product": 1, "quantity": 3}}, {"model": "ordersapp.orderitem", "pk": 50, "fields": {"order": 20, "product": 1, "quantity": 2}}, {"model": "ordersapp.orderitem", "pk": 51, "fields": {"order": 21, "product": 3, "quantity": 4}}, {"model": "ordersapp.orderitem", "pk": 52, "fields": {"order": 21, "product": 2, "quantity": 5}}]